img_no,lime,gradcam
1,0.15620822166750212,0.01505051016756764
