img_no,lime,gradcam
1,0.1562417518624585,0.01505051016756764
