img_no,deeplift,gradcam,lime,shap
1,0.0513727539494312,0.04907359028977935,0.1048906048906049,0.07363702155033773
2,0.11092350103376981,0.12901946647440518,0.05099304146129313,0.23356025492468135
3,0.1106703896036116,0.055987394957983196,0.12476365546218487,0.11853816062380215
4,0.09065313819756168,0.07444075778657819,0.13146909285523148,0.08327535456248328
5,,0.4692926281311021,,
6,,0.18267901929671904,,
