img_no,deeplift,gradcam,lime,shap
1,0.0513727539494312,0.04907359028977935,0.1048704954954955,0.0797145154804986
2,0.11092350103376981,0.12901946647440518,0.030249174857640275,0.2430494905385735
3,0.1106703896036116,0.055987394957983196,0.09083508403361344,0.11186974789915967
4,0.09065313819756168,0.07444075778657819,0.11549371153331549,0.1333154937115333
5,,0.4692926281311021,,
6,,0.18267901929671904,,
