img_no,deeplift,gradcam,lime,shap
1,0.0513727539494312,0.04907359028977935,0.1414293758043758,0.07036277348777349
2,0.11092350103376981,0.12901946647440518,0.031535388127853885,0.2971475846192583
3,0.1106703896036116,0.055987394957983196,0.08088235294117647,0.12944542138001627
4,0.09065313819756168,0.07444075778657819,0.1273017785577704,0.11495852287931496
5,,0.4692926281311021,,
6,,0.18267901929671904,,
