img_no,deeplift,lime,shap,gradcam
1,,,0.9910714285714286,0.619847114384055
2,,,0.5301657172449508,0.2794559820991539
3,,,,0.5895995839833593
4,,,,0.6600566007653061
5,,,,0.4692926281311021
6,,,,0.18267901929671904
